"conversation_id_str","created_at","favorite_count","full_text","id_str","image_url","in_reply_to_screen_name","lang","location","quote_count","reply_count","retweet_count","tweet_url","user_id_str","username"
"1657423997099966472","Sat May 13 16:34:09 +0000 2023","0","@CommuterLine min saya pengguna baru krl. Mau tanya pintu masuk stasiun kampung bandan ada berapa? Masuk dari dari mana ya? Akan sangat membantu jika di jelaskan dari arah turun busway. Terimakasih","1657423997099966472","","CommuterLine","in","","0","1","0","https://x.com/undefined/status/1657423997099966472","274595186",
"1659796437864157184","Sat May 20 06:14:41 +0000 2023","3","@CommuterLine Iya tadi saya lupa lihat nama petugas yang matikan kipas angin itu. Tapi klo mau tau nama petugasnya lihat aja jam berapa siapa saja yang bertugas di peron 7 jam yang saya tulis itu. Semoga petugas itu sadar dan tdk seenaknya dia melakukan hal seperti itu lagi.","1659804819304120321","","CommuterLine","in","","0","1","0","https://x.com/undefined/status/1659804819304120321","2950432148",
"1673909875515207680","Wed Jun 28 10:05:30 +0000 2023","0","@CommuterLine Terimakasih min membantu sekali info nyaaa️️️","1673996035453231105","","CommuterLine","in","","0","0","0","https://x.com/undefined/status/1673996035453231105","1021067768416763904",
"1677520620366741506","Sat Jul 08 04:54:18 +0000 2023","1","@CommuterLine Petugasnya lewat juga diem2 aja tuh gada yg negur","1677541596466929664","","CommuterLine","in","","0","0","0","https://x.com/undefined/status/1677541596466929664","1016481620",
"1687656038475198464","Sat Aug 05 03:43:24 +0000 2023","0","@CommuterLine Min saya mau sedikit komplain Kemarin sore saya kecopetan di dalem kereta dari Tanah Abang mau ke Duri secara logika copetnya masih di dalem kereta kan ya. Kereta keadaan padet banget kebetulan ada petugasnya saya samperin terus minta tolong buat telponin hp saya ","1687670613958373377","","CommuterLine","in","","0","1","0","https://x.com/undefined/status/1687670613958373377","1646897463918465026",
"1663868064067354624","Wed May 31 13:03:13 +0000 2023","5","@CommuterLine Mohon dibantu sampaikan ke mnagement agar dipertimbangkan utk pembebasan perihal masker ini. Yg mau pakai ya silahkan yg tdk pakai dgn salah satu alasan diatas agar tidak ditegur oleh security yg bertugas. Kereta kota-bogor naik st gondangdia skitar pukul jam 17:47. 8 rngkaian","1663893897158991873","","CommuterLine","in","","0","1","0","https://x.com/undefined/status/1663893897158991873","1953527462",
"1676536323891666944","Wed Jul 05 12:31:27 +0000 2023","0","@CommuterLine Kereta lokalnya penuh Petugasnya gda yg keliling Biasanya ada nmr WA kondektur di dalem gerbong Ini mah tadi diliat gda","1676569476966539265","","CommuterLine","in","","0","0","0","https://x.com/undefined/status/1676569476966539265","4000163894",
"1659796437864157184","Sat May 20 14:34:23 +0000 2023","0","@CommuterLine Terima kasih atas respon nya @CommuterLine semoga pelayanannya lebih baik lagi ya. Karena petugas yang lain di setiap stasiun juga baik dan ramah2 loh. Apalagi saat stasiun akhir penumpang ketiduran dibangunkan dgn baik.","1659930574231052288","","CommuterLine","in","","0","0","0","https://x.com/undefined/status/1659930574231052288","2950432148",
"1666236829149052928","Wed Jun 07 01:43:21 +0000 2023","0","@CommuterLine Poinnya bukan itu tapi bisa ga bikin jadwal yang bener. Kalau soal penyebab nya apa harusnya bisa diantisipasi. KRL produk nya jasa bukan barang jadi tolonglah ditingkatkan lagi pelayanannya","1666259518446239744","","CommuterLine","in","","0","0","0","https://x.com/undefined/status/1666259518446239744","242675148",
"1663015949094772736","Mon May 29 03:58:32 +0000 2023","0","@CommuterLine Terima kasih atas fast responnya semoga pelayanannya semakin baik ","1663032049337532416","","CommuterLine","in","","0","0","0","https://x.com/undefined/status/1663032049337532416","857949540",
"1677136738702225408","Fri Jul 07 03:09:32 +0000 2023","0","@CommuterLine barti petugasnya yg kurang aktif dan penggunanya yg ga aware ya ka karna saya sdh mengingatkan ke pengguna yg diam di sisi kanan itu. trims atas responnya smg bisa jd masukan","1677152841876779008","","CommuterLine","in","","0","0","0","https://x.com/undefined/status/1677152841876779008","1420001936",
"1653760836866031619","Wed May 03 14:23:29 +0000 2023","0","@CommuterLine Iya terima kasih jika pesannya sampai. Tp jangan cuma diterima tapi ga ada tindakan. Dengan adanya fasilitas yg memadai akan membantu semua pihak dari orang normal pada umumnya dan disabilitas yg punya keterbatas gerak seperti para lansia. Dipikirkan dan ditindak secepatnya.","1653767238368006144","","CommuterLine","in","","0","0","0","https://x.com/undefined/status/1653767238368006144","137697549",
"1662302651613351938","Sat May 27 03:40:10 +0000 2023","0","@CommuterLine di gerbong krl ga boleh makan dan minum bener kan ? Pengecualian pas jam buka puasa ya. Ini saya lagi di gerbong arah bogor ga padat sih pada duduk. Ada yg makan minum anak2 tidak kecil banget dan ada ibunya. Ada petugas juga kok petugasnya diam saja ya","1662302651613351938","","CommuterLine","in","","0","2","0","https://x.com/undefined/status/1662302651613351938","1367033841555177476",
"1677728481927659520","Sat Jul 08 18:47:21 +0000 2023","2","@CommuterLine @paruparulily @bucinnsehun disuruh cek berkala mulu yg harusnya dicek berkala itu pegawai KAI nya yg bagian input data barangkali ketiduran orangnya. ditungguin banyak orang nih. bisa dipesan jam berapa ga dijawab jawaban template terus. gimana kok ga ada mekanisme follow up ke bagian yg terkait","1677751238904156161","","CommuterLine","in","","0","0","1","https://x.com/undefined/status/1677751238904156161","1305050373728604160",
"1697016923182256219","Wed Aug 30 22:42:18 +0000 2023","0","@CommuterLine Securitynya dikasitau bengon doang tidak ada action untuk koordinasi dengan masinisnya. Kalau tidak berfungsi yntuk apa ada tenaga security ???","1697016923182256219","","CommuterLine","in","","0","1","0","https://x.com/undefined/status/1697016923182256219","306425500",
"1687057002936033280","Fri Aug 04 07:52:28 +0000 2023","0","@CommuterLine Paham para petugas yanh bertugas memang sangat membantu dan cepat tanggap. Tp akan lebih baik apabila gap tersebut diatas juga diperkecil supaya mempermudah penumpang dan mengurangi resiko terjadinya kecelakaan.","1687370905406869504","","CommuterLine","in","","0","1","0","https://x.com/undefined/status/1687370905406869504","33422110",
"1669554362534989825","Fri Jun 16 03:55:53 +0000 2023","0","@CommuterLine kasian banget liat video ada ibu di suruh turun karna anak rewel parah banget si petugasnya","1669554362534989825","","CommuterLine","in","","0","0","0","https://x.com/undefined/status/1669554362534989825","1200431815380439041",
"1666032040754679808","Tue Jun 06 10:39:26 +0000 2023","0","@CommuterLine Tolong Min tangga peron 12-13 stasiun manggarai jangan dibuat satu flow. Utamakan keselamatan pelanggan juga masa harus tubrukan yang naik dan turun. Satpamnya dikasih tau juga. PARAHH..","1666032040754679808","","CommuterLine","in","","0","1","0","https://x.com/undefined/status/1666032040754679808","1061080555742093313",
"1672827117715984386","Sun Jun 25 04:40:39 +0000 2023","0","@CommuterLine harusnya satpamnya jaga 1 di belakang. Ini masak laki semua di gerbong wanita no krl 1158 arah bogor","1672827117715984386","","CommuterLine","in","","0","0","0","https://x.com/undefined/status/1672827117715984386","2206702380",
"1671481035178274817","Wed Jun 21 11:38:14 +0000 2023","0","@CommuterLine lah itu udh petugasnya yg ngomong kartu flazz yg baru emang ga bisa .","1671482654011834368","","CommuterLine","in","","0","1","0","https://x.com/undefined/status/1671482654011834368","1099475298079232000",
"1659524751675777024","Mon May 22 11:33:29 +0000 2023","0","@CommuterLine Mohon untuk dicantumkan nomor CS disetiap gerbong kereta min. Agar bisa ditegur via pengeras suara yang tersedia. Thanks","1660609826278498312","","CommuterLine","in","","0","1","0","https://x.com/undefined/status/1660609826278498312","1479193928",
"1664539380344852481","Fri Jun 02 07:48:08 +0000 2023","0","@CommuterLine Min dimana saya harus melapor utk brg terjatuh di stasiun pasar minggu? Krtu flash dan kartu pegawai ibu sy terjatuh rabu malam di st psr minggu","1664539380344852481","","CommuterLine","in","","0","0","0","https://x.com/undefined/status/1664539380344852481","727657814",
"1661891347064950785","Fri May 26 03:00:10 +0000 2023","0","@CommuterLine Jadwal sebelumnya sudah bagus min.. Karena jam 16.30 dari palur.. Jadi kami kami yang jam pulang jam 16.00 (jam pulang rata rata pegawai) masih bisa kekejar dan nda terlalu buru2 di jalan Kalau yang jadwal juni sangat mepet itu..","1661930195669094400","","CommuterLine","in","","0","0","0","https://x.com/undefined/status/1661930195669094400","213131001",
"1653060608965898243","Mon May 01 15:35:36 +0000 2023","0","@CommuterLine min tolong kasih edukasi buat security yg jaga tentang peraturan yg bilang masih harus pake masker ya jangan sok2an tegas nyuruh pake masker dengan alasan negakin peraturan pas di tanya peraturan nya ngga tau ","1653060608965898243","","CommuterLine","in","","0","1","0","https://x.com/undefined/status/1653060608965898243","1458127210364035073",
"1660893366526279685","Tue May 23 06:20:11 +0000 2023","0","@CommuterLine min kalau tas merah tas bayi ketinggalan di kereta serpong bisa ditemukan kah? Saya naik kereta dari st kebayoran lama jam 13.26 Saya buat laporan 10 menit setelah turun dari kereta via telp cs. Mohon pencerahannya. Trims","1660893366526279685","","CommuterLine","in","","0","1","0","https://x.com/undefined/status/1660893366526279685","1660891443681181698",
"1667398457999634432","Sat Jun 10 11:00:28 +0000 2023","0","@CommuterLine @azhadit SOP nya untuk security nya tuh gimana deh? Apa yg mereka kerjain sebenernya? Kadang yg berisik ditegor kadang enggak. Yg lepas masker jg kadang ditegor kadang enggak. Trus case kayak di foto atas tuh sering banget sebenernya.","1667486885881729027","","CommuterLine","in","","0","0","0","https://x.com/undefined/status/1667486885881729027","98646984",
"1673084949992464384","Mon Jun 26 01:17:31 +0000 2023","0","@CommuterLine bayar gak min ke petugasnya?","1673138386541105155","","CommuterLine","in","","0","1","0","https://x.com/undefined/status/1673138386541105155","1264580478679441409",
"1676200530870435842","Tue Jul 04 12:05:23 +0000 2023","3","@CommuterLine ini sejak kapan boleh taro barang di lantai kaki boleh naik ke atas kursi. Anak² bisa lompat bebas sana sini tapi petugasnya diem aja. Ini kereta Rangkasbitung - Tanah Abang. Mohon ditindaklanjuti min. https://t.co/LV0jrh2m0a","1676200530870435842","https://pbs.twimg.com/media/F0MPcZWaIAEi0Te.jpg","CommuterLine","in","","1","1","2","https://x.com/undefined/status/1676200530870435842","115007760",
"1693187547374256537","Sun Aug 20 09:05:43 +0000 2023","0","@CommuterLine thanks petugasnya perhatian buat penumpang-penumpang dgn kebutuhan khusus","1693187547374256537","","CommuterLine","in","","0","1","0","https://x.com/undefined/status/1693187547374256537","166460354",
"1690717516010774528","Mon Aug 14 02:02:45 +0000 2023","35","@CommuterLine @kabarpenumpang Yuk direvisi lah signage nya @CommuterLine petugasnya juga disuruh pakai diskresi lah dalam menerapkan peraturan mana yang bisa dikasih keringanan mana yang saklek jangan pake kacamata kuda terus","1690906775061725184","","CommuterLine","in","","0","1","1","https://x.com/undefined/status/1690906775061725184","65838381",
"1654445087823380480","Fri May 05 12:31:19 +0000 2023","0","@CommuterLine @sahabat_kereta @KAI121 Waah makasih sarannya kak :) sangat membantu sekali. Jika bisa ikut kereta berikutnya pastinya saya ndak bingung dan keberatan ya kak. Hehe... Salam ya kak buat para pembuat keputusan.. :)","1654463783547580417","","CommuterLine","in","","0","0","0","https://x.com/undefined/status/1654463783547580417","788634576",
"1659014532344455168","Thu May 18 01:54:22 +0000 2023","0","@CommuterLine saya apresiasi buat comuter arah tangerang mulai dari (duri) yang keretanya selalu bersih petugasnya siaga mengepel...","1659014532344455168","","CommuterLine","in","","0","1","0","https://x.com/undefined/status/1659014532344455168","240073859",
"1659210515137323008","Thu May 18 14:53:08 +0000 2023","0","@CommuterLine hebat banget sekarang nunggu krl ke cikarang 1 jam di rajawali emang keren sekarang pelayanannya makin buat pengguna di uji kesabarannya","1659210515137323008","","CommuterLine","in","","0","0","0","https://x.com/undefined/status/1659210515137323008","132775741",
"1685794286569484288","Mon Jul 31 00:07:56 +0000 2023","0","@CommuterLine Lelet citayam-kalibata berdiri dan nyender doang. Dibangunin diteriakin pada pura pura tidur. Dapat menemui security gimana? Turun kereta dulu?","1685804452882907137","","CommuterLine","in","","0","0","0","https://x.com/undefined/status/1685804452882907137","1384715042",
"1660623904245964801","Mon May 22 12:29:26 +0000 2023","0","@CommuterLine hadeh.. manajemen gmn ya.. udah nunggu di manggarai lama.. sampai tanah abang malah gak ada KRL standby penumpang numpuk dibiarin aja.. emang nih yg ngatur KRL tol*l https://t.co/rQKvKz2Jt6","1660623904245964801","https://pbs.twimg.com/media/Fwu4JyyakAEuIYD.jpg","CommuterLine","in","","0","1","0","https://x.com/undefined/status/1660623904245964801","801316279705620480",
"1671863147437916160","Thu Jun 22 12:50:10 +0000 2023","0","@CommuterLine ini rombongan emak2 sudah ribut berisik ngobrol terus ketawa2 berisik sudah ditegur sama sekuriti juga masih aja berisik malah makan cemilan bocil2nya.. Gak paham aturan kayaknya nih gak pernah naik KRL *Krl tujuan bogor*","1671863147437916160","","CommuterLine","in","","0","1","0","https://x.com/undefined/status/1671863147437916160","1467873900658716674",
"1672519662310146048","Sat Jun 24 08:18:56 +0000 2023","0","@CommuterLine Min mau info d krl tujuan jkt kota bogor d gerbong 2 ada nenek2 yg berdiri dn gk ada petugasnya min.. kereta lg d posisi menuju univ indonesia","1672519662310146048","","CommuterLine","in","","0","1","0","https://x.com/undefined/status/1672519662310146048","74075711",
"1655725903434125312","Tue May 09 00:06:31 +0000 2023","0","@CommuterLine tolong diperbanyak serta ditambah jadwal krl pemberangkatan awal Stasiun Tigaraksa krn semua pnp butuh sekali perjalanan KRL Relasi Tigaraksa-Tanah Abang (p.p) krn pengguna KRL semakin bertambah dan pelayanannya tolong ditingkatkan utk kenyamanan semua pnp","1655725903434125312","","CommuterLine","in","","0","1","0","https://x.com/undefined/status/1655725903434125312","1528536969512308736",
"1659050860863954945","Thu May 18 06:10:38 +0000 2023","0","@CommuterLine Telat! Saya sudah sampai di tanahabang. Tolong petugasnya di evaluasi semua. Soalnya tidak ada sama sekali yang keliling gerbong","1659079023367168000","","CommuterLine","in","","0","0","0","https://x.com/undefined/status/1659079023367168000","1640024525374095360",
"1679744513781432321","Fri Jul 14 09:29:33 +0000 2023","0","@CommuterLine baik terimakasih banyak informasinya sangat membantu","1679785193350246400","","CommuterLine","in","","0","0","0","https://x.com/undefined/status/1679785193350246400","1365941095",
"1671736741496254466","Thu Jun 22 04:27:53 +0000 2023","0","@CommuterLine @KAI121 dengan dipindahnya jadwal 5529A dari 08.11 ke 08.43 di KCI Access sudah turut membantu pelanggan mengatur perjalanannya kl dibiarkan saja sama aja @CommuterLine MEMBOHONGI PELANGGAN.","1671736741496254466","","CommuterLine","in","","0","0","0","https://x.com/undefined/status/1671736741496254466","798052439345668096",
"1663554174053933056","Tue May 30 14:33:17 +0000 2023","0","@CommuterLine minn jadwl mu mlm wes josss... dari PL -Yk jam 11.42 kok malah d hapus. Pdhl itu penuh tiap hari dan daribalapan pun ud berdiri. Yang kerja pelajon pegawai swasta shift awan pie min . Isa pulang ke slo dr yk makek jam mlm tapi ga isa brgkt dari slo ke yk. Aku heran","1663554174053933056","","CommuterLine","in","","0","1","0","https://x.com/undefined/status/1663554174053933056","1131383528241786882",
"1691643728438698444","Wed Aug 16 07:35:22 +0000 2023","0","@CommuterLine Apakah bisa titip barang d pos security?","1691715258023571757","","CommuterLine","in","","0","0","0","https://x.com/undefined/status/1691715258023571757","1678730928045314058",
"1676070432863289344","Thu Jul 06 09:46:48 +0000 2023","0","@CommuterLine Maaf late reply. Sudah ditemukan petugasnya di stasiun Kota kak. Dan sudah saya ambil di hari yang sama. Terima kasih. KAI emang terbaik ","1676890431588831233","","CommuterLine","in","","0","1","0","https://x.com/undefined/status/1676890431588831233","187850565",
"1664639106326962176","Fri Jun 02 14:27:32 +0000 2023","0","@CommuterLine Harusnya dari kp bandan-ckrg jam 19.17 petugasnya salah kasih info kereta. Tadi pagi berangkatpun telat dan ketahan","1664639892226207746","","CommuterLine","in","","0","1","0","https://x.com/undefined/status/1664639892226207746","560158685",
"1664951558642233344","Sat Jun 03 11:05:59 +0000 2023","0","@CommuterLine @KAI121 @KemenBUMN @kemenhub151 Mohon menjadi perhatian untuk @kemenhub151 @KAI121 semegah apapun Stasiun yg dibangun klu pelayanannya seperti ini nggak ada artinya. Kendala Pergantian jalur selalu nggak ada solusinya. https://t.co/ZwxCicG9v6","1664951558642233344","","CommuterLine","in","","0","1","0","https://x.com/undefined/status/1664951558642233344","347031964",
"1659050860863954945","Thu May 18 06:11:32 +0000 2023","0","@CommuterLine Bagaimana cara mengkomunikasikan ke petugas? Sementara petugasnya gaada yang jaga di gerbong saya. Dan gaada yang lewat sama sekali.","1659079250555576321","","CommuterLine","in","","0","0","0","https://x.com/undefined/status/1659079250555576321","1640024525374095360",
"1663870828994519041","Fri Jun 02 01:14:05 +0000 2023","0","@CommuterLine @rfkrnld terus saat naik dan saya sadar hp ilang saya langsung teriak2 klo hp saya hilang dan teman saya bantu telfonin hp saya dan kebetulan juga ada satpam digerbong sebelah lalu saya bilang ke satpamnya pak hape saya hilang tolong bantu pak ","1664440213832343553","","CommuterLine","in","","0","0","0","https://x.com/undefined/status/1664440213832343553","1664436881344569344",
"1664390936057774081","Fri Jun 02 02:06:09 +0000 2023","1","@CommuterLine manggari staff nya noob! delay mulu berantakan. gaji buta buat yg ga kompeten ngatur manggarai. belom aja berantakan tragedi hadeuh..","1664453316011778048","","CommuterLine","in","","0","0","1","https://x.com/undefined/status/1664453316011778048","3187699934",
"1680729366807080960","Mon Jul 17 00:01:22 +0000 2023","0","@CommuterLine ini kenapa ya kereta arah kampung bandan jam 7.55 tbtb berenti di st Angke dan semua penumpang disuruh TURUN. Mana petugasnya gak jelasin kenapa. GAJELAS BANGET","1680729366807080960","","CommuterLine","in","","0","1","0","https://x.com/undefined/status/1680729366807080960","931156994567782402",
"1681487563792740354","Wed Jul 19 02:31:26 +0000 2023","166","@CommuterLine Rangkaian gerbong 5 nomor kereta 1159. Kesalahan bukan di operator kereta tapi di pihak manajemen @CommuterLine menerima iklan dgn suara besar yg (menurut penjelasan security) TIDAK BISA DIKECILKAN volumenya.","1681491907653009408","","CommuterLine","in","","0","3","16","https://x.com/undefined/status/1681491907653009408","77174683",
"1691412572636073984","Tue Aug 15 14:16:45 +0000 2023","0","@CommuterLine udah ditanganin di st matraman tadi tapi aduhh lama bgt penanganannya min komunikasi antar petugasnya juga lambat bgt","1691453880406867968","","CommuterLine","in","","0","0","0","https://x.com/undefined/status/1691453880406867968","721929205",
"1658081784159162368","Wed May 17 13:18:35 +0000 2023","0","@CommuterLine @SinyoBenno Eh gimana? Cuma minta maaf doang? Petugasnya siapa? Tolong umumkan dong dan bukti mengakui kelalaiannya. Ditunggu min @CommuterLine @perkeretaapian @bank_indonesia","1658824333710729223","","CommuterLine","in","","0","0","0","https://x.com/undefined/status/1658824333710729223","89908356",
"1671042021426073600","Tue Jun 20 09:23:52 +0000 2023","0","@CommuterLine Pelayanannya msh minim.","1671086454578216960","","CommuterLine","in","","0","0","0","https://x.com/undefined/status/1671086454578216960","930359456696713216",
"1693558987357356356","Mon Aug 21 09:48:59 +0000 2023","6","@CommuterLine At least tolonglah ada petugas standby di jam-jam sibuk seperti ini untuk atur antrian biar ga nyodok-nyodok. Dan mengingatkan penumpang non rutin membawa anak utk tetap hati-hati.","1693560821547421805","","CommuterLine","in","","1","2","0","https://x.com/undefined/status/1693560821547421805","1015669727123812352",
"1692843168734367851","Sat Aug 19 10:17:17 +0000 2023","0","@CommuterLine kok bisa ya seorang security yg notabene hrus menjaga keamanan ngomong ke penumpang klo gak mau kesenggol naik taksi aja!! hah?!! siapa dia ngatur2 cuma sama2 babu ajaa gak usah ngerasa pling hebat. Saya jg krja di bagian pelayanan","1692843168734367851","","CommuterLine","in","","0","1","0","https://x.com/undefined/status/1692843168734367851","1636926740",
"1658097533355442177","Tue May 16 12:07:57 +0000 2023","1","@CommuterLine @JunaidiRajab Kadang kalo kondisi gerbongnya lagi penuh susah juga buat nemuin petugasnya min. Mungkin cs nya bisa cek dari cctv trus tinggal announce aja petugasnya ke gerbong brp. Btw walaupun covid udh dicabut gua ttp pro sama peraturan pake masker dan gak ngobrol di gerbong.","1658444172079276032","","CommuterLine","in","","0","1","0","https://x.com/undefined/status/1658444172079276032","113010577",
"1673114366147952641","Sun Jul 02 16:57:26 +0000 2023","0","@CommuterLine @tikilita Oh ini tempat sampah yg dipisah. Tp pd akhirnya petugasnya angkat &amp; pundahin sampah ke dalam 1 tempat ya @CommuterLine","1675549251995340800","","CommuterLine","in","","0","0","0","https://x.com/undefined/status/1675549251995340800","1640372026090348548",
"1690717516010774528","Mon Aug 14 00:38:27 +0000 2023","67","@CommuterLine @kabarpenumpang min @kabarpenumpang infokan tgl brp min @CommuterLine km follow up ke tim terkait perihal ini sampaikan ke saya feedbacknya spt apa dlm 3x24 jam gd feedback saya pengecekan scr langsung ke leader securitynya. lama kelamaan CL ini gd fungsi nya ya cuma template aja.","1690885559110254592","","CommuterLine","in","","0","3","5","https://x.com/undefined/status/1690885559110254592","362419767",
"1692842627568472260","Sat Aug 19 10:15:08 +0000 2023","0","@CommuterLine Pantes seorang security kreta ngomong ke penumpangnya kalo gak mau kesenggol naek taksi aja? hah? emang itu kereta keluarga dia ngatur2!!! Tlg blngin ya saya juga krja di bagian pelayanan gak pnh ngmong seenggak etis itu ke orang (customer)","1692842627568472260","","CommuterLine","in","","0","0","0","https://x.com/undefined/status/1692842627568472260","1636926740",
"1676184320908857344","Tue Jul 04 11:00:58 +0000 2023","0","@CommuterLine perjalanan KRL Sore hari dari Tanah Abang Tujuan Akhir Tigaraksa harus diperbanyak krn KRL Relasi Tanah Abang-Tigaraksa (P.P) paling banyak dibutuhkan penumpang KRL krn KRL Tujuan akhir Tigaraksa sangat membantu sekali dan sebagai solusi mengurangi kepadatan pnp krl","1676184320908857344","","CommuterLine","in","","0","0","0","https://x.com/undefined/status/1676184320908857344","1368514165615202304",
"1656868017144467457","Fri May 12 03:44:53 +0000 2023","0","@CommuterLine min udah 2 hari eskalator st kranji mati. Dan lift nya penuh sekali sama org yg bukan prioritas. Akhirnya saya sedang hamil 7 bulan harus naik tangga tinggi menuju mesin tap out. Tolong security di st kranji tegas dong atur penumpang untuk dahulukan prioritas.","1656868017144467457","","CommuterLine","in","","1","2","0","https://x.com/undefined/status/1656868017144467457","1402850514795044868",
"1677976607968083969","Sun Jul 09 09:48:01 +0000 2023","0","@CommuterLine okay terima kasih yaaa min infonya sangat membantu","1677977898991628288","","CommuterLine","in","","0","0","0","https://x.com/undefined/status/1677977898991628288","2197602360",
"1653285459337056257","Tue May 02 07:52:33 +0000 2023","0","@CommuterLine Maksud saya agar security harus tetep kursi prioritas untuk yg berhak. Minimal jgn ragu buat negur.","1653306468966481920","","CommuterLine","in","","0","1","0","https://x.com/undefined/status/1653306468966481920","116666985",
"1693505867906462091","Mon Aug 21 12:08:42 +0000 2023","0","@CommuterLine Manggarai sudirman penumpang menumpuk apa ada delay jadwal.","1693595984591491514","","CommuterLine","in","","0","1","0","https://x.com/undefined/status/1693595984591491514","952766528",
"1686847598383271936","Fri Aug 04 00:45:57 +0000 2023","0","@CommuterLine Iya pergantian jalur pasti lah alasan peegantian jalur yg lama itu knp","1687263568201465856","","CommuterLine","in","","0","0","0","https://x.com/undefined/status/1687263568201465856","952766528",
"1653345035558191104","Tue May 02 13:06:29 +0000 2023","1","@CommuterLine halo min maaf mau tanya dong kenapa semua satpam kereta dengak banget yak terus juga apakah pin ibu hamil itu udah ga berfungsi soalnya tadi pake pin ibu hamil ga dapet tempat duduk tapi si satpamnya cuek banget kereta jurusan kampung bandan - Cikarang nama satpamnya khalis","1653385470519439364","","CommuterLine","in","","0","1","0","https://x.com/undefined/status/1653385470519439364","1498925206743977984",
"1694893185615732781","Fri Aug 25 02:03:19 +0000 2023","0","@CommuterLine Ckrg-kp bandan via senen harusnya udh sampe bks ini baru dtg di ckrg dan blm berangkat. Tiap hari gini mending balikin jadwal kayak dulu waktu org itu berharga bgt. Telat buat kalian tinggal minta maaf kalo pegawai bisa potong gaji. Inget dosa diakhirat","1694893185615732781","","CommuterLine","in","","0","0","0","https://x.com/undefined/status/1694893185615732781","560158685",
"1670739415357100033","Mon Jun 19 10:24:52 +0000 2023","0","@CommuterLine ini petugasnya kok ga ada? Arah Tigaraksa barusan ninggalin Rawa buntu https://t.co/eViTjwkIUb","1670739415357100033","https://pbs.twimg.com/media/Fy-oouWakAAECZa.jpg","CommuterLine","in","","0","1","0","https://x.com/undefined/status/1670739415357100033","57791295",
"1691579724299165876","Tue Aug 15 22:41:44 +0000 2023","0","@CommuterLine trus gmn dong negurnya yg batuk ga pake masker sedangkan petugasnya aja diam saja","1691580965750206478","","CommuterLine","in","","0","1","0","https://x.com/undefined/status/1691580965750206478","187406917",
"1667556645319368705","Sat Jun 10 17:04:05 +0000 2023","0","@CommuterLine @KAI121 Terima kasih atas tanggapannya ka saya DM besok kronologisnya saya berharap ada tegoran khusus untuk pegawai krn saya rasa kurang etis dengan kejutekannya melayani penumpang.","1667578392051601408","","CommuterLine","in","","0","0","0","https://x.com/undefined/status/1667578392051601408","251522512",
"1680154326201925634","Sat Jul 15 09:56:21 +0000 2023","0","@CommuterLine KRL 1319 BOO-JKT di gerbong female yg paling depan ada masuk 3 pria ga ada securitynya. Ga ada yg berani negur jg. Boleh tolong panggilkan securitynya? skrng lg masu masuk psr mgg baru jadwal 16:58.","1680154326201925634","","CommuterLine","in","","0","1","0","https://x.com/undefined/status/1680154326201925634","145197578",
"1696762965020778569","Wed Aug 30 05:53:09 +0000 2023","0","@CommuterLine min krl bogor - jaksrta kota kalau misalkan cuma sampe manggarai doang tolong diinfoin dong lewat masinis atau petugasnya. Udah lama2 nunggu taunya ga lanjut","1696762965020778569","","CommuterLine","in","","0","1","0","https://x.com/undefined/status/1696762965020778569","429778630",
"1670589797340168192","Mon Jun 19 00:54:06 +0000 2023","0","@CommuterLine ga dikasih masuk setelah smpt brkali2 ditolak masuk akhirnya ada 1 security yg bolehin masuk. mayan laa brdiri dluar mondar mandir stgh jam br dibukain pintunya","1670595778778370048","","CommuterLine","in","","0","1","0","https://x.com/undefined/status/1670595778778370048","50891203",
"1658309323511169025","Wed May 17 18:35:40 +0000 2023","0","@CommuterLine @txttransportasi Dapet SP gak ya itu petugasnya?","1658904133330685952","","CommuterLine","in","","0","0","0","https://x.com/undefined/status/1658904133330685952","465224207",
"1668220873491484672","Mon Jun 12 12:48:11 +0000 2023","1","@CommuterLine Min sosialisasi ke bawah dong. Msh aja gw ditegor Ama security kereta. Untung gw LG males ribut","1668238766723715074","","CommuterLine","in","","0","0","0","https://x.com/undefined/status/1668238766723715074","1588869353604526080",
"1653285459337056257","Tue May 02 07:53:33 +0000 2023","0","@CommuterLine Rangkas tanah abang. Selalu saja security hanya lewat z tanpa memperhatikan kursi prioritas.","1653306719802638338","","CommuterLine","in","","0","1","0","https://x.com/undefined/status/1653306719802638338","116666985",
"1654399459638542336","Fri May 05 08:15:43 +0000 2023","0","@CommuterLine eh itu petugas kau itu kalau mau negur ga usah ngebentak dan seakan nuduh dong. Ga enak banget dengernya. Padahal ini pertama kalinya naik sendiri tapi dapet pengalaman ga enak dari petugasnya dih. Padahal bisa negur baik baik tanpa harus bentak bakalan paham kok.","1654399459638542336","","CommuterLine","in","","0","1","0","https://x.com/undefined/status/1654399459638542336","1493560807489413120",
"1680125827110027264","Sat Jul 15 08:33:34 +0000 2023","0","@CommuterLine Ini biasanya da sekuriti d tmpt gerbong perempuan. Skrg dah ga pernah da lg. Jd nya mlh kyk gini. Adanya lm2 mlh co bs d gerbong ce lg","1680133493194637312","","CommuterLine","in","","0","1","0","https://x.com/undefined/status/1680133493194637312","67308970",
"1661140388365869056","Tue May 23 23:07:09 +0000 2023","0","@CommuterLine Ijin tanya min apakah layanan ini juga untuk membantu mobilisasi penumpang yang pingsan/kelelahan dalam KRL. Karena beberapa kali kejadian terjadi dalam kondisi penuh dan dalam gerbong tak ditemukan petugas. Terimakasih.","1661146780824928256","","CommuterLine","in","","0","1","0","https://x.com/undefined/status/1661146780824928256","461077857",
"1677784467325464576","Sat Jul 08 21:37:59 +0000 2023","2","@CommuterLine Ada masalah apa sama jadwal tgl 16 Juli? Masa nggak ada masalah tp jadwal belum muncul sampe jam segini? Jgn cuma jwb pake template orang suruh nyoba berkala. Nggak membantu sama sekali. https://t.co/5hF1tdYOLg","1677794183728467968","https://pbs.twimg.com/media/F0i46eBaEAAvw2T.jpg","CommuterLine","in","","0","1","0","https://x.com/undefined/status/1677794183728467968","137687006",
"1689439588798881792","Thu Aug 10 02:00:52 +0000 2023","0","@CommuterLine kemaren sore tas isi launch box tertinggal di rak krl pas turun dikranji lapor petugas dikranji dibuat laporan petugas sigap kontak dgn petugas sta bekasi krn rute terakhir dista bekasi ternyata pas serahterima tdk ada brg tertinggal makasih KAI petugasnya sigap membantu..","1689456748971819008","","CommuterLine","in","","0","0","0","https://x.com/undefined/status/1689456748971819008","1689453852536541184",
"1691045385631092736","Mon Aug 14 11:13:32 +0000 2023","0","@CommuterLine min tolong banget kereta bandaranya diurus yg bener security ga ramah sistem mesin suka error pas rame di dm tiap ada kendala ga direspon ","1691045385631092736","","CommuterLine","in","","0","2","0","https://x.com/undefined/status/1691045385631092736","84838099",
"1683441545821962240","Mon Jul 24 11:38:36 +0000 2023","0","@CommuterLine dear admin kejadian mengerikan. kita td terjebak di lift stasiun cikarang. orang lain udh coba pencet tombil alarm liftnya. tdk ada tanggapan. alhasil pintu lift dibuka secara paksa. pintu terbuka. alhasil kita lapor ke security. security security pd planga plongo https://t.co/5zBZHuqgqb","1683441545821962240","https://pbs.twimg.com/media/F1zJKLRacAIyITK.jpg","CommuterLine","in","","0","1","0","https://x.com/undefined/status/1683441545821962240","86660313",
"1658309323511169025","Tue May 16 06:41:45 +0000 2023","0","@CommuterLine @txttransportasi Tolong bilangin ke petugasnya min kebiasaan nanti.","1658362079856717824","","CommuterLine","in","","0","0","0","https://x.com/undefined/status/1658362079856717824","121947419",
"1659209417034985476","Thu May 18 15:01:11 +0000 2023","0","@CommuterLine Template minta maaf terus tapi ga pernah di perbaiki pelayanannya.. Padahal dah banyak yg komplen masalah waktu.. Belom lagi nanti di tahan2 susah banget menghargai waktu kayaknya ","1659212543976701956","","CommuterLine","in","","0","0","0","https://x.com/undefined/status/1659212543976701956","132775741",
"1679781376323903488","Sat Jul 15 06:31:38 +0000 2023","0","@CommuterLine @Fahad_Inoee @KAI121 Bacanya jangan cepat2 petugasnya lagi diarea","1680102804785106944","","CommuterLine","in","","0","0","0","https://x.com/undefined/status/1680102804785106944","277520663",
"1678547505049489411","Mon Jul 10 23:31:25 +0000 2023","1","@CommuterLine jangan ngerjain orang dong kalau ngasih pengumuman krl masuk tuh krl kampung bandan via manggarai dari jalur 5 tiba2 ke 7 tau2 krl ada duluan di jalur 5 mana satpamnya juga kagak jelas ditanya kereta mana yang duluan udah gitu sekarang jadi ngaret","1678547505049489411","","CommuterLine","in","","0","1","1","https://x.com/undefined/status/1678547505049489411","1347511293452775427",
"1658097533355442177","Mon May 15 16:45:38 +0000 2023","0","@CommuterLine Sudah 3 jam yang lalu min...rute tnh abang Jurang Mangu gerbong 9 sangat disayangkan sdh tdk ada announcement himbauan dilarang berbicara securitynya baru menegur stlh tau saya mau report ini.","1658151664573087745","","CommuterLine","in","","0","1","0","https://x.com/undefined/status/1658151664573087745","1455191246553575434",
"1668220873491484672","Tue Jun 13 15:25:12 +0000 2023","0","@CommuterLine min ini serius udh gpp kalo gapake masker? entar pas di dalem kereta malah di tegur petugasnya suruh pake masker lg. udh di arahin &amp; dikasih himbauan boleh lepas masker blm petugas satpam di dalem keretanya min?","1668640672566616065","","CommuterLine","in","","0","1","0","https://x.com/undefined/status/1668640672566616065","123446254",
"1690717516010774528","Mon Aug 14 02:19:38 +0000 2023","1","@CommuterLine @kabarpenumpang Apaan min di St. Pasar Minggu petugasnya ngebolehin emak2 ga hamil lwt pintu atas terus kok aneh bgt ga tegas","1690911023220559872","","CommuterLine","in","","0","0","0","https://x.com/undefined/status/1690911023220559872","1678625020548100096",
"1653738211833954305","Wed May 03 12:28:09 +0000 2023","0","@CommuterLine Hari Rabu Pukul 19.25: Satpamnya lebih melayani sama yg langsing dan good looking. Saya mau nyebrang ke toilet lewat gerbang bawah ibu hamil/lansia (bukan lewat tangga) tapi disuruh lewat tangga bawah. (CONTD... )","1653738211833954305","","CommuterLine","in","","0","1","0","https://x.com/undefined/status/1653738211833954305","788562300",
"1666201316333613056","Tue Jun 06 22:42:41 +0000 2023","0","@CommuterLine Min yg jadwal blue line ko brubah2 trs si? Senen ada standby 5.37 Selasa jg ada standby 5.36 hari ini blm ada di jadwal 5.46. Jd gmn si jadwal yg benernya? Mana jalurnya jg ga jelas di jalur brp.","1666214053549846534","","CommuterLine","in","","0","1","0","https://x.com/undefined/status/1666214053549846534","1214351016876900352",
"1672043823344799744","Fri Jun 23 01:04:19 +0000 2023","0","@CommuterLine @RMU_ID @RMU_ID see. tidak membantu. oper aja operr. minta tolong banget ni. bayarnya lebih mahal dari parkir liar dan ruko ini. kita dukung fasilitas resmi tapi pelayanannya? capek.","1672047899855945728","","CommuterLine","in","","0","1","0","https://x.com/undefined/status/1672047899855945728","913862948",
"1664460420000911360","Fri Jun 02 02:34:22 +0000 2023","0","@CommuterLine Tolong satpamnya pilih dengan benar mana yang berkebutuhan khusus. Mentang2 yang pakai kerudung ga keliatan udah tua apa muda jadi diperbolehkan untuk lewat rel yang jelas2 itu untuk lansia ibu hamil anak2 atau yg berkebutuhkan khusus.","1664460420000911360","","CommuterLine","in","","0","0","0","https://x.com/undefined/status/1664460420000911360","238611921",
"1668100149648965633","Mon Jun 12 03:37:22 +0000 2023","0","@CommuterLine tolong untuk security di stasiun sudimara di ajarkan etika yg baik ya masa org lagi diem pesen ojek online tiba2 di bentak terus diusir2 padahal ga ngelanggar apa2 kalo pun mau memberitahu bisa dengan bahasa yg baik tolong di seleksi lagi petugas securitynya","1668100149648965633","","CommuterLine","in","","0","0","0","https://x.com/undefined/status/1668100149648965633","470830390",
"1695952960747135345","Mon Aug 28 00:14:29 +0000 2023","0","@CommuterLine kok punya security ga ada empati empatinya barang saya ketinggalan saya coba lapor ke security. Tapi malah suruh ke petugas stasiun","1695952960747135345","","CommuterLine","in","","0","1","0","https://x.com/undefined/status/1695952960747135345","94964432",
"1696149850398798046","Tue Aug 29 07:55:15 +0000 2023","0","@CommuterLine @pipitooramadani Tolong cepet benerin deh. Saya posisi hamil tua ni udah bener bener engap kalo turun di peron 6 7. Di peron 4 5 juga. Lift itu rebutan. Yang non prioritas pada ga ngalah security buat ngaturnya juga gaada.","1696431303607075262","","CommuterLine","in","","0","1","0","https://x.com/undefined/status/1696431303607075262","199522327",
"1660623169877835777","Mon May 22 12:46:16 +0000 2023","1","@CommuterLine @anwar_hdy01 sekuriti di st palmerah bilang tak ada info gangguan penumpang sudah meluber","1660628142707589123","","CommuterLine","in","","0","2","0","https://x.com/undefined/status/1660628142707589123","152894474",
"1687231374867267584","Thu Aug 03 22:38:01 +0000 2023","0","@CommuterLine HEH!!! KALIAN TUH BUAT JADWAL GIMANA SIH?! YG KEARAH MANGGARAI MANA DR ST. BEKASI?! BIASANYA JAMN SEGIKI UDH STANDBY. BISA BUAT JADWAL YG BENER GA SI LO PADA?! BIKIN EMOSI PAGI2.","1687231374867267584","","CommuterLine","in","","0","0","0","https://x.com/undefined/status/1687231374867267584","1214351016876900352",
"1679781376323903488","Sat Jul 15 01:40:50 +0000 2023","14","@CommuterLine @Fahad_Inoee @KAI121 Kejadian yg sama 3 tahun yg lalu lapor ke petugas pengen liat CCTV disuruh bikin surat kehilangan dulu ke polsek terdekat untuk syarat liat CCTV dan liat CCTV nya harus ke juanda CCTV stasiun hanya sekedar hiasan jangan berharap bisa membantu anda ketika kena musibah ","1680029623437115392","","CommuterLine","in","","0","2","0","https://x.com/undefined/status/1680029623437115392","578594051",
"1685529059353387008","Sun Jul 30 05:53:38 +0000 2023","0","@CommuterLine tolong diperhatikan jumlah petugas parkir di parkiran stasiun poris..agar pelayanan menjadi lebih baik..parkiran penuh..petugas yang membantu keluar masuk dan menggeser motor hanya 1 orang..jadi butuh waktu lama untuk bisa keluar dari area parkiran..mohon perhatian","1685529059353387008","","CommuterLine","in","","0","1","0","https://x.com/undefined/status/1685529059353387008","1639372700820078593",
"1679781376323903488","Sat Jul 15 06:18:31 +0000 2023","0","@CommuterLine @Fahad_Inoee @KAI121 Yg ambil ya pegawai mu sendiri... Makanya dipersulit liat CCTV nya.. ya gak seh?","1680099506472488960","","CommuterLine","in","","0","0","0","https://x.com/undefined/status/1680099506472488960","1557992317",
"1692164076007498057","Fri Aug 18 06:16:15 +0000 2023","3","@CommuterLine @kabarpenumpang Dan khusus yang cantik dan kenal sama securitynya ya min? Sering liat tuh yang parasnya lumayan di kasih jalan padahal bukan prioritas.","1692420121757946178","","CommuterLine","in","","0","0","0","https://x.com/undefined/status/1692420121757946178","1261469436847861761",
"1681487563792740354","Thu Jul 20 12:46:31 +0000 2023","0","@CommuterLine @YoshitsuneEmpe1 Lah masak gal ada stok spare part cadangan di gudang? Bagaimana manajemen perbaikan dan perawatan peralatan mekanis begini harus nunggu spare part? Misal pun jarang rusak harusnya ada spare part standby di gudang. Any time ada masalah tinggal mobilisasi dan order lagi s/part.","1682009088857874432","","CommuterLine","in","","0","0","0","https://x.com/undefined/status/1682009088857874432","2228029288",
"1678371760826380291","Mon Jul 10 12:01:36 +0000 2023","1","@CommuterLine Maap mulu tapi begini2 aja pelayanannya ya saya males maapin","1678373904866480129","","CommuterLine","in","","0","0","0","https://x.com/undefined/status/1678373904866480129","1290510571029184512",
"1674966356641595392","Sat Jul 01 02:21:13 +0000 2023","0","@CommuterLine please donk Security KRL jogja solo kalau weekend suruh muter kek dijabodetabek banyak lansia gk dpt duduk egois bgt yg pada naik apalagi anak muda lagi negor mulu capek","1674966356641595392","","CommuterLine","in","","0","1","0","https://x.com/undefined/status/1674966356641595392","434162007",
"1664433202507972608","Fri Jun 02 00:46:13 +0000 2023","0","@CommuterLine biasanya ada yg bisik2 dikit langsung diomelin securitynya ini ada anak kecil banyak teriak2an kok ga ditegur ya? Takut sama emak2 kah?","1664433202507972608","","CommuterLine","in","","0","2","0","https://x.com/undefined/status/1664433202507972608","623957213",
"1686956860530929664","Thu Aug 03 04:27:12 +0000 2023","0","@CommuterLine kasihan lansia harus jalan kaki susah payah naik tangga panjang di stasiun Kranji gara2 lift rusak(lagi). Ga ada juga sekuriti yg bantu. Pelayanannya yok ditingkatkan. Sama tingkatkanlah kualitas suara speaker di stasiun supaya bikin orang ga salah naik jurusan. https://t.co/XTHjgz0AUc","1686956860530929664","https://pbs.twimg.com/ext_tw_video_thumb/1686956786769854464/pu/img/isbrkPsmPeB6OpHt.jpg","CommuterLine","in","","0","1","0","https://x.com/undefined/status/1686956860530929664","51399017",
"1668396515382136832","Tue Jun 13 08:11:18 +0000 2023","0","@CommuterLine @cuanXi4 Min klo ini bener emang ibunya yang mau turun sendiri kasihan loh itu bapak petugasnya dihujat di komen2 di IG di akun gosip. Klarifikasi di post sendiri dong min.","1668531475791347713","","CommuterLine","in","","0","0","0","https://x.com/undefined/status/1668531475791347713","169837942",
"1653233544280539136","Tue May 02 03:02:47 +0000 2023","0","@CommuterLine min ini gimana sih? Krl ketahannya total sejam loh. Ga kurang lama nih? Orang gimana mau pada naik transportasi umum kalo pelayanannya ngaret hancur kayak gini?","1653233544280539136","","CommuterLine","in","","0","1","0","https://x.com/undefined/status/1653233544280539136","198440124",
"1690717516010774528","Sun Aug 13 14:03:21 +0000 2023","185","@CommuterLine Infonya jam 8 malam kurang sedikit min. Masuknya dari sisi Timur stasiun atau peron 1 arah jakk hendak nyeberang ke peron 2 arah boo. Mimin sudah minta nama petugasnya tp ybs gamau sebut krn khawatir masa depan belio. Kasian anak istrinya ","1690725733205966848","","CommuterLine","in","","1","2","7","https://x.com/undefined/status/1690725733205966848","824914361181278209",
"1685802577039118336","Mon Jul 31 02:42:38 +0000 2023","0","@CommuterLine Tolong menjadi concern yang ada tindakan perubahan dong Pak/Ibu karna setiap hari ini selalu kejadian Tapi security cuma diem dan ga ada tindakan apapun Terheran-heran saya ko bisa yaaa bpk2!security cuma diam malah saya yang sebagai perempuan melihatnya geram sekali","1685843384328507392","","CommuterLine","in","","0","0","0","https://x.com/undefined/status/1685843384328507392","250125725",
"1666222740884574209","Wed Jun 07 00:16:44 +0000 2023","0","@CommuterLine min knp KRL tiap pagi masuk Jakot sll ketahan lama mulai dr gambir??? ganggu bgt buat para pekerja.. klo ga bisa atur ganti aja petugasnya or kepala skaliann","1666237719037759489","","CommuterLine","in","","0","1","0","https://x.com/undefined/status/1666237719037759489","2939816952",
"1660885254675243008","Tue May 23 05:47:57 +0000 2023","0","@CommuterLine kecewa dengan petugas parkir motor lantai atas st bogor tidak membantu samasekali untuk parkir. Hanya duduk saja dan tidak mengarahkan untuk parkir yg kosong atau tersedia. Tidak hanya sekali kejadian seperti ini. Thx","1660885254675243008","","CommuterLine","in","","1","1","0","https://x.com/undefined/status/1660885254675243008","528512297",
"1653532273516630016","Thu May 04 01:14:19 +0000 2023","1","@CommuterLine Perjalanan KRL Boo-Jakk hari ini ditahan melulu. Makin hari kok makin parah pelayanannya Min?","1653931025679142912","","CommuterLine","in","","0","1","0","https://x.com/undefined/status/1653931025679142912","380092017",
"1654465323226234880","Fri May 05 12:37:26 +0000 2023","0","@CommuterLine sudah 2 bulan merasakan pelayanan commuter line tujuan parung panjang- tn abang rangkas bitung-tn abang sama sekali Ac tidak terasa gak kebayang klo full berdesakan. Yang ada sauna para penumpangnya. Tolong perbaikan pelayanannya.","1654465323226234880","","CommuterLine","in","","0","1","0","https://x.com/undefined/status/1654465323226234880","1014850363",
"1678526856084037634","Sun Aug 13 23:16:16 +0000 2023","0","@CommuterLine Pgi admin saya ingin menanyakan blan Juli kmarin sya naik KRL di stasiun tanah tinggi pas kak sya mau msuk itu kta satpamnya KMTnya disuruh diaktifin dlu ke loket nya apa bnar kalo KMTnya jrang dipakai bsa ga aktif kmbali ya.Sya kira itu sprti FLASH maupun E-money ttp bsa dpake","1690864877676769280","","CommuterLine","in","","0","1","0","https://x.com/undefined/status/1690864877676769280","408473157",
"1678526856084037634","Mon Aug 14 00:08:00 +0000 2023","0","@CommuterLine Berarti seperti Flash &amp; e money yah bisa dipakai kapanpun yah min soalnya bulan Juli kakak saya disuruh ke loket sama pak satpamnya terima kasih sebelumnya","1690877897039609856","","CommuterLine","in","","0","1","0","https://x.com/undefined/status/1690877897039609856","408473157",
"1657693759059152896","Sun May 14 10:26:05 +0000 2023","0","@CommuterLine ini maksud nya apa ya gerbong depan setelah lokomotif di tutup pegawai kai jadi malah buat penuh kacau nih ka lokal bandung raya no. KA. 472","1657693759059152896","","CommuterLine","in","","0","1","0","https://x.com/undefined/status/1657693759059152896","3268770228",
